id,name,muscle_groups,equipment,instructions,intensity,placeholder
ex_1,Pushups,Chest,Bodyweight,"Lie on the floor face down and place your hands about 36 inches apart while holding your torso up at arms length. Next, lower yourself downward until your chest almost touches the floor as you inhale. Now breathe out and press your upper body back up to the starting position while squeezing your chest. After a brief pause at the top contracted position, you can begin to lower yourself downward again for as many repetitions as needed.",2,placeholder
ex_2,Dumbbell Bench Press,Chest,Dumbbell,"Lie down on a flat bench with a dumbbell in each hand resting on top of your thighs. The palms of your hands will be facing each other. Then, using your thighs to help raise the dumbbells up, lift the dumbbells one at a time so that you can hold them in front of you at shoulder width. Once at shoulder width, rotate your wrists forward so that the palms of your hands are facing away from you. The dumbbells should be just to the sides of your chest, with your upper arm and forearm creating a 90 degree angle. Be sure to maintain full control of the dumbbells at all times. This will be your starting position. Then, as you breathe out, use your chest to push the dumbbells up. Lock your arms at the top of the lift and squeeze your chest, hold for a second and then begin coming down slowly. Tip: Ideally, lowering the weight should take about twice as long as raising it. Repeat the movement for the prescribed amount of repetitions of your training program.",2,placeholder
ex_3,Dumbbell Flyes,Chest,Dumbbell,"Lie down on a flat bench with a dumbbell on each hand resting on top of your thighs. The palms of your hand will be facing each other. Then using your thighs to help raise the dumbbells, lift the dumbbells one at a time so you can hold them in front of you at shoulder width with the palms of your hands facing each other. Raise the dumbbells up like you're pressing them, but stop and hold just before you lock out. This will be your starting position. With a slight bend on your elbows in order to prevent stress at the biceps tendon, lower your arms out at both sides in a wide arc until you feel a stretch on your chest. Breathe in as you perform this portion of the movement. Tip: Keep in mind that throughout the movement, the arms should remain stationary; the movement should only occur at the shoulder joint. Return your arms back to the starting position as you squeeze your chest muscles and breathe out. Tip: Make sure to use the same arc of motion used to lower the weights. Hold for a second at the contracted position and repeat the movement for the prescribed amount of repetitions.",2,placeholder
ex_4,Bent Over Barbell Row,Back,Barbell,"Holding a barbell with a pronated grip (palms facing down), bend your knees slightly and bring your torso forward, by bending at the waist, while keeping the back straight until it is almost parallel to the floor. Tip: Make sure that you keep the head up. The barbell should hang directly in front of you as your arms hang perpendicular to the floor and your torso. This is your starting position. Now, while keeping the torso stationary, breathe out and lift the barbell to you. Keep the elbows close to the body and only use the forearms to hold the weight. At the top contracted position, squeeze the back muscles and hold for a brief pause. Then inhale and slowly lower the barbell back to the starting position. Repeat for the recommended amount of repetitions.",2,placeholder
ex_5,Barbell Shoulder Press,Shoulders,Barbell,"Sit on a bench with back support in a squat rack. Position a barbell at a height that is just above your head. Grab the barbell with a pronated grip (palms facing forward). Once you pick up the barbell with the correct grip width, lift the bar up over your head by locking your arms. Hold at about shoulder level and slightly in front of your head. This is your starting position. Lower the bar down to the shoulders slowly as you inhale. Lift the bar back up to the starting position as you exhale. Repeat for the recommended amount of repetitions.",3,placeholder
ex_6,Dumbbell Shoulder Press,Shoulders,Dumbbell,"While holding a dumbbell in each hand, sit on a military press bench or utility bench that has back support. Place the dumbbells upright on top of your thighs. Now raise the dumbbells to shoulder height one at a time using your thighs to help propel them up into position. Make sure to rotate your wrists so that the palms of your hands are facing forward. This is your starting position. Now, exhale and push the dumbbells upward until they touch at the top. Then, after a brief pause at the top contracted position, slowly lower the weights back down to the starting position while inhaling. Repeat for the recommended amount of repetitions.",3,placeholder
ex_7,Side Lateral Raise,Shoulders,Dumbbell,"Pick a couple of dumbbells and stand with a straight torso and the dumbbells by your side at arms length with the palms of the hand facing you. This will be your starting position. While maintaining the torso in a stationary position (no swinging), lift the dumbbells to your side with a slight bend on the elbow and the hands slightly tilted forward as if pouring water in a glass. Continue to go up until you arms are parallel to the floor. Exhale as you execute this movement and pause for a second at the top. Lower the dumbbells back down slowly to the starting position as you inhale. Repeat for the recommended amount of repetitions.",2,placeholder
ex_8,Front Dumbbell Raise,Shoulders,Dumbbell,"Pick a couple of dumbbells and stand with a straight torso and the dumbbells on front of your thighs at arms length with the palms of the hand facing your thighs. This will be your starting position. While maintaining the torso stationary (no swinging), lift the left dumbbell to the front with a slight bend on the elbow and the palms of the hands always facing down. Continue to go up until you arm is slightly above parallel to the floor. Exhale as you execute this portion of the movement and pause for a second at the top. Inhale after the second pause. Now lower the dumbbell back down slowly to the starting position as you simultaneously lift the right dumbbell. Continue alternating in this fashion until all of the recommended amount of repetitions have been performed for each arm.",2,placeholder
ex_9,Barbell Curl,Biceps,Barbell,"Stand up with your torso upright while holding a barbell at a shoulder-width grip. The palm of your hands should be facing forward and the elbows should be close to the torso. This will be your starting position. While holding the upper arms stationary, curl the weights forward while contracting the biceps as you breathe out. Tip: Only the forearms should move. Continue the movement until your biceps are fully contracted and the bar is at shoulder level. Hold the contracted position for a second and squeeze the biceps hard. Slowly begin to bring the bar back to starting position as your breathe in. Repeat for the recommended amount of repetitions.",2,placeholder
ex_10,Hammer Curls,Biceps,Dumbbell,"Stand up with your torso upright and a dumbbell on each hand being held at arms length. The elbows should be close to the torso. The palms of the hands should be facing your torso. This will be your starting position. Now, while holding your upper arm stationary, exhale and curl the weight forward while contracting the biceps. Continue to raise the weight until the biceps are fully contracted and the dumbbell is at shoulder level. Hold the contracted position for a brief moment as you squeeze the biceps. Tip: Focus on keeping the elbow stationary and only moving your forearm. After the brief pause, inhale and slowly begin the lower the dumbbells back down to the starting position. Repeat for the recommended amount of repetitions.",2,placeholder
ex_11,Concentration Curls,Biceps,Dumbbell,"Sit down on a flat bench with one dumbbell in front of you between your legs. Your legs should be spread with your knees bent and feet on the floor. Use your right arm to pick the dumbbell up. Place the back of your right upper arm on the top of your inner right thigh. Rotate the palm of your hand until it is facing forward away from your thigh. Tip: Your arm should be extended and the dumbbell should be above the floor. This will be your starting position. While holding the upper arm stationary, curl the weights forward while contracting the biceps as you breathe out. Only the forearms should move. Continue the movement until your biceps are fully contracted and the dumbbells are at shoulder level. Tip: At the top of the movement make sure that the little finger of your arm is higher than your thumb. This guarantees a good contraction. Hold the contracted position for a second as you squeeze the biceps. Slowly begin to bring the dumbbells back to starting position as your breathe in. Caution: Avoid swinging motions at any time. Repeat for the recommended amount of repetitions. Then repeat the movement with the left arm.",2,placeholder
ex_12,Incline Dumbbell Curl,Biceps,Dumbbell,"Sit back on an incline bench with a dumbbell in each hand held at arms length. Keep your elbows close to your torso and rotate the palms of your hands until they are facing forward. This will be your starting position. While holding the upper arm stationary, curl the weights forward while contracting the biceps as you breathe out. Only the forearms should move. Continue the movement until your biceps are fully contracted and the dumbbells are at shoulder level. Hold the contracted position for a second. Slowly begin to bring the dumbbells back to starting position as your breathe in. Repeat for the recommended amount of repetitions.",2,placeholder
ex_13,Lying Triceps Press,Triceps,E-Z Curl Bar,"Lie on a flat bench with either an e-z bar (my preference) or a straight bar placed on the floor behind your head and your feet on the floor. Grab the bar behind you, using a medium overhand (pronated) grip, and raise the bar in front of you at arms length. Tip: The arms should be perpendicular to the torso and the floor. The elbows should be tucked in. This is the starting position. As you breathe in, slowly lower the weight until the bar lightly touches your forehead while keeping the upper arms and elbows stationary. At that point, use the triceps to bring the weight back up to the starting position as you breathe out. Repeat for the recommended amount of repetitions.",3,placeholder
ex_14,Triceps Pushdown,Triceps,Cable,"Attach a straight or angled bar to a high pulley and grab with an overhand grip (palms facing down) at shoulder width. Standing upright with the torso straight and a very small inclination forward, bring the upper arms close to your body and perpendicular to the floor. The forearms should be pointing up towards the pulley as they hold the bar. This is your starting position. Using the triceps, bring the bar down until it touches the front of your thighs and the arms are fully extended perpendicular to the floor. The upper arms should always remain stationary next to your torso and only the forearms should move. Exhale as you perform this movement. After a second hold at the contracted position, bring the bar slowly up to the starting point. Breathe in as you perform this step. Repeat for the recommended amount of repetitions.",2,placeholder
ex_15,Close-Grip Barbell Bench Press,Triceps,Barbell,"Lie back on a flat bench. Using a close grip (around shoulder width), lift the bar from the rack and hold it straight over you with your arms locked. This will be your starting position. As you breathe in, come down slowly until you feel the bar on your middle chest. Tip: Make sure that - as opposed to a regular bench press - you keep the elbows close to the torso at all times in order to maximize triceps involvement. After a second pause, bring the bar back to the starting position as you breathe out and push the bar using your triceps muscles. Lock your arms in the contracted position, hold for a second and then start coming down slowly again. Tip: It should take at least twice as long to go down than to come up. Repeat the movement for the prescribed amount of repetitions. When you are done, place the bar back in the rack.",2,placeholder
ex_16,Dips - Triceps Version,Triceps,Bodyweight,"To get into the starting position, hold your body at arm's length with your arms nearly locked above the bars. Now, inhale and slowly lower yourself downward. Your torso should remain upright and your elbows should stay close to your body. This helps to better focus on tricep involvement. Lower yourself until there is a 90 degree angle formed between the upper arm and forearm. Then, exhale and push your torso back up using your triceps to bring your body back to the starting position. Repeat the movement for the prescribed amount of repetitions.",2,placeholder
ex_17,Barbell Squat,Legs,Barbell,"This exercise is best performed inside a squat rack for safety purposes. To begin, first set the bar on a rack to just below shoulder level. Once the correct height is chosen and the bar is loaded, step under the bar and place the back of your shoulders (slightly below the neck) across it. Hold on to the bar using both arms at each side and lift it off the rack by first pushing with your legs and at the same time straightening your torso. Step away from the rack and position your legs using a shoulder width medium stance with the toes slightly pointed out. Keep your head up at all times and also maintain a straight back. This will be your starting position. (Note: For the purposes of this discussion we will use the medium stance described above which targets overall development; however you can choose any of the three stances discussed in the foot stances section). Begin to slowly lower the bar by bending the knees and hips as you maintain a straight posture with the head up. Continue down until the angle between the upper leg and the calves becomes slightly less than 90-degrees. Inhale as you perform this portion of the movement. Tip: If you performed the exercise correctly, the front of the knees should make an imaginary straight line with the toes that is perpendicular to the front. If your knees are past that imaginary line (if they are past your toes) then you are placing undue stress on the knee and the exercise has been performed incorrectly. Begin to raise the bar as you exhale by pushing the floor with the heel of your foot as you straighten the legs again and go back to the starting position. Repeat for the recommended amount of repetitions.",2,placeholder
ex_18,Bodyweight Squat,Legs,Bodyweight,"Stand with your feet shoulder width apart. You can place your hands behind your head. This will be your starting position. Begin the movement by flexing your knees and hips, sitting back with your hips. Continue down to full depth if you are able,and quickly reverse the motion until you return to the starting position. As you squat, keep your head and chest up and push your knees out.",2,placeholder
ex_19,Dumbbell Lunges,Legs,Dumbbell,"Stand with your torso upright holding two dumbbells in your hands by your sides. This will be your starting position. Step forward with your right leg around 2 feet or so from the foot being left stationary behind and lower your upper body down, while keeping the torso upright and maintaining balance. Inhale as you go down. Note: As in the other exercises, do not allow your knee to go forward beyond your toes as you come down, as this will put undue stress on the knee joint. Make sure that you keep your front shin perpendicular to the ground. Using mainly the heel of your foot, push up and go back to the starting position as you exhale. Repeat the movement for the recommended amount of repetitions and then perform with the left leg.",2,placeholder
ex_20,Leg Press,Legs,Machine,"Using a leg press machine, sit down on the machine and place your legs on the platform directly in front of you at a medium (shoulder width) foot stance. (Note: For the purposes of this discussion we will use the medium stance described above which targets overall development; however you can choose any of the three stances described in the foot positioning section). Lower the safety bars holding the weighted platform in place and press the platform all the way up until your legs are fully extended in front of you. Tip: Make sure that you do not lock your knees. Your torso and the legs should make a perfect 90-degree angle. This will be your starting position. As you inhale, slowly lower the platform until your upper and lower legs make a 90-degree angle. Pushing mainly with the heels of your feet and using the quadriceps go back to the starting position as you exhale. Repeat for the recommended amount of repetitions and ensure to lock the safety pins properly once you are done. You do not want that platform falling on you fully loaded.",2,placeholder
ex_21,Bench Press - Powerlifting,Chest|Back|Shoulders|Triceps,Barbell,"Begin by lying on the bench, getting your head beyond the bar if possible. Tuck your feet underneath you and arch your back. Using the bar to help support your weight, lift your shoulder off the bench and retract them, squeezing the shoulder blades together. Use your feet to drive your traps into the bench. Maintain this tight body position throughout the movement. However wide your grip, it should cover the ring on the bar. Pull the bar out of the rack without protracting your shoulders. Focus on squeezing the bar and trying to pull it apart. Lower the bar to your lower chest or upper stomach. The bar, wrist, and elbow should stay in line at all times. Pause when the barbell touches your torso, and then drive the bar up with as much force as possible. The elbows should be tucked in until lockout.",3,placeholder
ex_22,Snatch,Legs|Back|Shoulders|Biceps|Triceps,Barbell,"Place your feet at a shoulder width stance with the barbell resting right above the connection between the toes and the rest of the foot. With a palms facing down grip, bend at the knees and keeping the back flat grab the bar using a wider than shoulder width grip. Bring the hips down and make sure that your body drops as if you were going to sit on a chair. This will be your starting position. Start pushing the floor as if it were a moving platform with your feet and simultaneously start lifting the barbell keeping it close to your legs. As the bar reaches the middle of your thighs, push the floor with your legs and lift your body to a complete extension in an explosive motion. Lift your shoulders back in a shrugging movement as you bring the bar up while lifting your elbows out to the side and keeping them above the bar for as long as possible. Now in a very quick but powerful motion, you have to get your body under the barbell when it has reached a high enough point where it can be controlled and drop while locking your arms and holding the barbell overhead as you assume a squat position. Finalize the movement by rising up out of the squat position to finish the lift. At the end of the lift both feet should be on line and the arms fully extended holding the barbell overhead.",3,placeholder
ex_23,Anti-Gravity Press,Back|Shoulders|Triceps,Barbell,"Place a bar on the ground behind the head of an incline bench. Lay on the bench face down. With a pronated grip, pick the barbell up from the floor. Flex the elbows, performing a reverse curl to bring the bar near your chest. This will be your starting position. To begin, press the barbell out in front of your head by extending your elbows. Keep your arms parallel to the ground throughout the movement. Return to the starting position and repeat to complete the set.",2,placeholder
ex_24,Alternating Cable Shoulder Press,Shoulders|Triceps,Cable,"Move the cables to the bottom of the tower and select an appropriate weight. Grasp the cables and hold them at shoulder height, palms facing forward. This will be your starting position. Keeping your head and chest up, extend through the elbow to press one side directly over head. After pausing at the top, return to the starting position and repeat on the opposite side.",2,placeholder
ex_25,Alternate Hammer Curl,Biceps,Dumbbell,"Stand up with your torso upright and a dumbbell in each hand being held at arms length. The elbows should be close to the torso. The palms of the hands should be facing your torso. This will be your starting position. While holding the upper arm stationary, curl the right weight forward while contracting the biceps as you breathe out. Continue the movement until your biceps is fully contracted and the dumbbells are at shoulder level. Hold the contracted position for a second as you squeeze the biceps. Tip: Only the forearms should move. Slowly begin to bring the dumbbells back to starting position as your breathe in. Repeat the movement with the left hand. This equals one repetition. Continue alternating in this manner for the recommended amount of repetitions.",2,placeholder
ex_26,Body-Up,Triceps,Bodyweight,"Assume a plank position on the ground. You should be supporting your bodyweight on your toes and forearms, keeping your torso straight. Your forearms should be shoulder-width apart. This will be your starting position. Pressing your palms firmly into the ground, extend through the elbows to raise your body from the ground. Keep your torso rigid as you perform the movement. Slowly lower your forearms back to the ground by allowing the elbows to flex. Repeat.",3,placeholder
ex_27,Bench Press with Chains,Chest|Back|Shoulders|Triceps,Barbell,"Adjust the leader chain, shortening it to the desired length.Place the chains on the sleeves of the bar. Lying on the bench, get your head beyond the bar if possible. Tuck your feet underneath you and arch your back. Using the bar to help support your weight, lift your shoulder off the bench and retract them, squeezing the shoulder blades together. Use your feet to drive your traps into the bench. Maintain this tight body position throughout the movement. However wide your grip, it should cover the ring on the bar. Pull the bar out of the rack without protracting your shoulders. Focus on squeezing the bar and trying to pull it apart. Lower the bar to your lower chest or upper stomach. The bar, wrist, and elbow should stay in line at all times. Pause when the barbell touches your torso, and then drive the bar up with as much force as possible. The elbows should be tucked in until lockout.",5,placeholder
ex_28,Clean and Jerk,Legs|Back|Shoulders|Triceps,Barbell,"With a barbell on the floor close to the shins, take an overhand or hook grip just outside the legs. Lower your hips with the weight focused on the heels, back straight, head facing forward, chest up, with your shoulders just in front of the bar. This will be your starting position. Begin the first pull by driving through the heels, extending your knees. Your back angle should stay the same, and your arms should remain straight. Move the weight with control as you continue to above the knees. Next comes the second pull, the main source of acceleration for the clean. As the bar approaches the mid-thigh position, begin extending through the hips. In a jumping motion, accelerate by extending the hips, knees, and ankles, using speed to move the bar upward. There should be no need to actively pull through the arms to accelerate the weight; at the end of the second pull, the body should be fully extended, leaning slightly back, with the arms still extended. As full extension is achieved, transition into the third pull by aggressively shrugging and flexing the arms with the elbows up and out. At peak extension, aggressively pull yourself down, rotating your elbows under the bar as you do so. Receive the bar in a front squat position, the depth of which is dependent upon the height of the bar at the end of the third pull. The bar should be racked onto the protracted shoulders, lightly touching the throat with the hands relaxed. Continue to descend to the bottom squat position, which will help in the recovery. Immediately recover by driving through the heels, keeping the torso upright and elbows up. Continue until you have risen to a standing position. The second phase is the jerk, which raises the weight overhead. Standing with the weight racked on the front of the shoulders, begin with the dip. With your feet directly under your hips, flex the knees without moving the hips backward. Go down only slightly, and reverse direction as powerfully as possible. Drive through the heels create as much speed and force as possible, and be sure to move your head out of the way as the bar leaves the shoulders. At this moment as the feet leave the floor, the feet must be placed into the receiving position as quickly as possible. In the brief moment the feet are not actively driving against the platform, the athletes effort to push the bar up will drive them down. The feet should be split, with one foot forward, and one foot back. Receive the bar with the arms locked out overhead. Return to a standing position.",5,placeholder
ex_29,Barbell Rear Delt Row,Back|Shoulders|Biceps,Barbell,"Stand up straight while holding a barbell using a wide (higher than shoulder width) and overhand (palms facing your body) grip. Bend knees slightly and bend over as you keep the natural arch of your back. Let the arms hang in front of you as they hold the bar. Once your torso is parallel to the floor, flare the elbows out and away from your body. Tip: Your torso and your arms should resemble the letter ""T"". Now you are ready to begin the exercise. While keeping the upper arms perpendicular to the torso, pull the barbell up towards your upper chest as you squeeze the rear delts and you breathe out. Tip: When performed correctly, this exercise should resemble a bench press in reverse. Also, refrain from using your biceps to do the work. Focus on targeting the rear delts; the arms should only act as hooks. Slowly go back to the initial position as you breathe in. Repeat for the recommended amount of repetitions.",2,placeholder
ex_30,Arnold Dumbbell Press,Shoulders|Triceps,Dumbbell,"Sit on an exercise bench with back support and hold two dumbbells in front of you at about upper chest level with your palms facing your body and your elbows bent. Tip: Your arms should be next to your torso. The starting position should look like the contracted portion of a dumbbell curl. Now to perform the movement, raise the dumbbells as you rotate the palms of your hands until they are facing forward. Continue lifting the dumbbells until your arms are extended above you in straight arm position. Breathe out as you perform this portion of the movement. After a second pause at the top, begin to lower the dumbbells to the original position by rotating the palms of your hands towards you. Tip: The left arm will be rotated in a counter clockwise manner while the right one will be rotated clockwise. Breathe in as you perform this portion of the movement. Repeat for the recommended amount of repetitions.",3,placeholder
ex_31,Alternate Incline Dumbbell Curl,Biceps,Dumbbell,"Sit down on an incline bench with a dumbbell in each hand being held at arms length. Tip: Keep the elbows close to the torso.This will be your starting position. While holding the upper arm stationary, curl the right weight forward while contracting the biceps as you breathe out. As you do so, rotate the hand so that the palm is facing up. Continue the movement until your biceps is fully contracted and the dumbbells are at shoulder level. Hold the contracted position for a second as you squeeze the biceps. Tip: Only the forearms should move. Slowly begin to bring the dumbbell back to starting position as your breathe in. Repeat the movement with the left hand. This equals one repetition. Continue alternating in this manner for the recommended amount of repetitions.",2,placeholder
ex_32,Body Tricep Press,Triceps,Bodyweight,"Position a bar in a rack at chest height. Standing, take a shoulder width grip on the bar and step a yard or two back, feet together and arms extended so that you are leaning on the bar. This will be your starting position. Begin by flexing the elbow, lowering yourself towards the bar. Pause, and then reverse the motion by extending the elbows. Progress from bodyweight by adding chains over your shoulders.",2,placeholder
ex_33,Bent-Arm Barbell Pullover,Chest|Back|Shoulders|Triceps,Barbell,"Lie on a flat bench with a barbell using a shoulder grip width. Hold the bar straight over your chest with a bend in your arms. This will be your starting position. While keeping your arms in the bent arm position, lower the weight slowly in an arc behind your head while breathing in until you feel a stretch on the chest. At that point, bring the barbell back to the starting position using the arc through which the weight was lowered and exhale as you perform this movement. Hold the weight on the initial position for a second and repeat the motion for the prescribed number of repetitions.",3,placeholder
ex_34,Clean and Press,Legs|Back|Shoulders|Triceps,Barbell,"Assume a shoulder-width stance, with knees inside the arms. Now while keeping the back flat, bend at the knees and hips so that you can grab the bar with the arms fully extended and a pronated grip that is slightly wider than shoulder width. Point the elbows out to sides. The bar should be close to the shins. Position the shoulders over or slightly ahead of the bar. Establish a flat back posture. This will be your starting position. Begin to pull the bar by extending the knees. Move your hips forward and raise the shoulders at the same rate while keeping the angle of the back constant; continue to lift the bar straight up while keeping it close to your body. As the bar passes the knee, extend at the ankles, knees, and hips forcefully, similar to a jumping motion. As you do so, continue to guide the bar with your hands, shrugging your shoulders and using the momentum from your movement to pull the bar as high as possible. The bar should travel close to your body, and you should keep your elbows out. At maximum elevation, your feet should clear the floor and you should start to pull yourself under the bar. The mechanics of this could change slightly, depending on the weight used. You should descend into a squatting position as you pull yourself under the bar. As the bar hits terminal height, rotate your elbows around and under the bar. Rack the bar across the front of the shoulders while keeping the torso erect and flexing the hips and knees to absorb the weight of the bar. Stand to full height, holding the bar in the clean position. Without moving your feet, press the bar overhead as you exhale. Lower the bar under control .",3,placeholder
ex_35,Bent Over Two-Dumbbell Row,Back|Shoulders|Biceps,Dumbbell,"With a dumbbell in each hand (palms facing your torso), bend your knees slightly and bring your torso forward by bending at the waist; as you bend make sure to keep your back straight until it is almost parallel to the floor. Tip: Make sure that you keep the head up. The weights should hang directly in front of you as your arms hang perpendicular to the floor and your torso. This is your starting position. While keeping the torso stationary, lift the dumbbells to your side (as you breathe out), keeping the elbows close to the body (do not exert any force with the forearm other than holding the weights). On the top contracted position, squeeze the back muscles and hold for a second. Slowly lower the weight again to the starting position as you inhale. Repeat for the recommended amount of repetitions.",2,placeholder
ex_36,Bradford/Rocky Presses,Shoulders|Triceps,Barbell,"Sit on a Military Press Bench with a bar at shoulder level with a pronated grip (palms facing forward). Tip: Your grip should be wider than shoulder width and it should create a 90-degree angle between the forearm and the upper arm as the barbell goes down. This is your starting position. Once you pick up the barbell with the correct grip, lift the bar up over your head by locking your arms. Now lower the bar down to the back of the head slowly as you inhale. Lift the bar back up to the starting position as you exhale. Lower the bar down to the starting position slowly as you inhale. This is one repetition. Alternate in this manner until you complete the recommended amount of repetitions.",2,placeholder
ex_37,Barbell Curls Lying Against An Incline,Biceps,Barbell,"Lie against an incline bench, with your arms holding a barbell and hanging down in a horizontal line. This will be your starting position. While keeping the upper arms stationary, curl the weight up as high as you can while squeezing the biceps. Breathe out as you perform this portion of the movement. Tip: Only the forearms should move. Do not swing the arms. After a second contraction, slowly go back to the starting position as you inhale. Tip: Make sure that you go all of the way down. Repeat for the recommended amount of repetitions.",2,placeholder
ex_38,Cable Incline Triceps Extension,Triceps,Cable,"Lie on incline an bench facing away from a high pulley machine that has a straight bar attachment on it. Grasp the straight bar attachment overhead with a pronated (overhand; palms down) narrow grip (less than shoulder width) and keep your elbows tucked in to your sides. Your upper arms should create around a 25 degree angle when measured from the floor. Keeping the upper arms stationary, extend the arms as you flex the triceps. Breathe out during this portion of the movement and hold the contraction for a second. Slowly go back to the starting position. Repeat for the recommended amount of repetitions.",2,placeholder
